WC/TA,Ret Earnings/TA,EBIT/TA,Mk val Equity/BV Debt,Sales/TA,class
0.014136297,0.141362968,0.026897097,0.300231865,0.931279621,?
-0.002690364,0.165253546,0.009049405,0.194708277,1.133621393,?
0.279427408,0.300884418,0.068960277,2.064435974,1.064067106,?
-0.326106568,-0.084625906,0.026860286,0.132065505,1.804673632,?
0.046977163,0.018068612,0.019500283,0.070163708,1.698861645,?
0.005568431,0.066649597,0.019953749,0.061008513,1.341219213,?
